Seed,Team Name,Conference,Team Score
1,ORE,Big 10,345.8
2,TEX,SEC,220.33508771929823
3,SMU,ACC,135.52222222222224
4,ASU,Big 12,98.95
5,UGA,SEC,208.03684210526316
6,ND,FBSind,169.5
7,PSU,Big 10,162.42222222222222
8,TENN,SEC,143.3082706766917
9,OSU,Big 10,137.27777777777777
10,IU,Big 10,136.62222222222223
11,SC,SEC,116.28708133971293
12,BOIS,MWC,87.28461538461539
