Seed,Team Name,Conference,Team Score
1.0,ORE,Big 10,161.0
2.0,TEX,SEC,125.22105263157896
3.0,SMU,ACC,100.04444444444444
4.0,ASU,Big 12,75.41666666666667
5.0,BOIS,MWC,75.53636363636365
6.0,OSU,Big 10,127.46666666666664
7.0,UGA,SEC,119.1421052631579
8.0,ND,FBSind,114.6
9.0,PSU,Big 10,106.83333333333331
10.0,IU,Big 10,103.84761904761903
11.0,TENN,SEC,102.0421052631579
12.0,MIA,ACC,92.60196078431372
