Seed,Team Name,Conference,Team Score
1.0,ORE,Big 10,117.7
2.0,TEX,SEC,107.52105263157894
3.0,BYU,Big 12,85.5
4.0,SMU,ACC,82.0
5.0,ARMY,AAC,81.39999999999999
6.0,IU,Big 10,108.1
7.0,TENN,SEC,106.42105263157896
8.0,OSU,Big 10,90.43333333333332
9.0,ND,FBSind,89.5
10.0,ALA,SEC,87.94210526315788
11.0,MISS,SEC,82.64210526315789
12.0,PSU,Big 10,80.83333333333333
