Seed,Team Name,Conference,Team Score
1.0,ORE,Big 10,345.8
2.0,TEX,SEC,220.33508771929823
3.0,SMU,ACC,135.52222222222224
4.0,ASU,Big 12,98.95
5.0,BOIS,MWC,87.28461538461539
6.0,UGA,SEC,208.03684210526316
7.0,ND,FBSind,169.5
8.0,PSU,Big 10,162.42222222222222
9.0,TENN,SEC,143.3082706766917
10.0,OSU,Big 10,137.27777777777777
11.0,IU,Big 10,136.62222222222223
12.0,SC,SEC,116.28708133971293
