Seed,Team Name,Conference,Team Score
1,ORE,Big 10,117.7
2,TEX,SEC,107.52105263157894
3,IU,Big 10,108.1
4,TENN,SEC,106.42105263157896
5,OSU,Big 10,90.43333333333332
6,ND,FBSind,89.5
7,ALA,SEC,87.94210526315788
8,BYU,Big 12,85.5
9,MISS,SEC,82.64210526315789
10,SMU,ACC,82.0
11,ARMY,AAC,81.39999999999999
12,PSU,Big 10,80.83333333333333
