Conference,Conference Score,Conference Rank
SEC,12.745896006224067,1
Big 10,6.889991779695849,2
ACC,6.139560312313902,3
Big 12,5.604227608564535,4
PAC12,2.1161363636363633,5
AAC,1.7545960011981427,6
SBC,1.3186091082830211,7
MWC,0.8070378527431601,8
MAC,-1.8635225618631739,9
ConUSA,-2.6427691968225946,10
