Conference,Conference Score,Conference Rank
SEC,12.679176136363635,1
Big 10,6.830551259864747,2
ACC,6.012975459011842,3
Big 12,5.493758457141278,4
PAC12,2.1755382775119614,5
AAC,1.6458289341581112,6
SBC,1.1901157176157175,7
MWC,0.7803952008586323,8
MAC,-1.9139579759862788,9
ConUSA,-2.765530012214273,10
