Conference,Conference Score,Conference Rank
SEC,12.629174942704354,1
Big 10,6.780724815724816,2
ACC,6.02635279745615,3
Big 12,5.4374374377145385,4
PAC12,2.9812995729103116,5
AAC,1.6046514182335079,6
SBC,1.1475883149928952,7
MWC,0.5453241430700446,8
MAC,-2.0143100555730316,9
ConUSA,-2.7940077369439074,10
